Country	Track	Layout	Year	Grade	Length (KM)	Altitude (Meter)	Number of turns	DLC	Default date
Australia	Adelaide	Adelaide Historic 1988	1988	Historic	3.780	52	16		1988-11-13
Australia	Adelaide	Adelaide	2020	Grade 3	3.219	52	14		2020-03-05
Australia	Adelaide	Adelaide STT	2020	Grade 3	3.219	52	14	Adrenaline 2	2020-03-05
Brazil	Ascurra	Ascurra Dirt	2022	Off-road	0.910	88	8	Adrenaline 1	2022-09-28
Brazil	Ascurra	Ascurra RX	2023	Off-road	0.910	88	8	Adrenaline 1	2023-09-28
Monaco	Azure Circuit (Monaco)	Azure Circuit	2021	Grade 1	3.337	1.57	19		2021-05-23
Spain	Barcelona	Barcelona 1991	1991	Historic	4.747	115	14	Historical Tracks 1	1991-09-29
Spain	Barcelona	Circuit de Barcelona-Catalunya GP	2022	Grade 1	4.675	115	16	Barcelona Pack	2022-05-22
Spain	Barcelona	Circuit de Barcelona-Catalunya GP (No Chicane)	2022	Grade 1	4.657	115	14	Barcelona Pack	2022-05-22
Spain	Barcelona	Circuit de Barcelona-Catalunya National	2022	Grade 1	2.997	115	9	Barcelona Pack	2022-05-22
Spain	Barcelona	Circuit de Barcelona-Catalunya RX	2022	Off-road	1.125	115	9	Adrenaline 1	2022-10-30
Australia	Bathurst	Bathurst 1983	1983	Historic	6.171	780	20	Historical Tracks 1	1983-02-01
Australia	Bathurst	Bathurst 2020	2020	Grade 3	6.213	780	23		2020-02-01
England	Brands Hatch	Brands Hatch GP	2020	Grade 2	3.916	177.57	10		2020-06-11
England	Brands Hatch	Brands Hatch Indy	2020	Ungraded/Alternate	1.944	177.57	5		2020-06-11
Brazil	Brasilia	Brasilia Full	2014	Ungraded/Alternate	5.476	1172	12		2014-06-02
Brazil	Brasilia	Brasilia Outer	2014	Ungraded/Alternate	2.913	1172	5		2014-06-02
Argentina	Buenos Aires	Buenos Aires Circuito No.12	2020	Grade 1	5.651	10	8		2020-02-20
Argentina	Buenos Aires	Buenos Aires Circuito No.15	2020	Grade 1	5.948	10	15		2020-02-20
Argentina	Buenos Aires	Buenos Aires Circuito No.6	2020	Grade 1	4.312	10	17		2020-02-20
Argentina	Buenos Aires	Buenos Aires Circuito No.6S	2020	Grade 1	4.259	10	17		2020-02-20
Argentina	Buenos Aires	Buenos Aires Circuito No.7	2020	Grade 1	2.607	10	4		2020-02-20
Argentina	Buenos Aires	Buenos Aires Circuito No.8	2020	Grade 1	3.327	10	9		2020-02-20
Argentina	Buenos Aires	Buenos Aires Circuito No.9	2020	Grade 1	3.335	10	11		2020-02-20
Norway	Buskerud	Buskerud Kart Long	2020	Kart	1.531	35.188	22		2020-07-30
Norway	Buskerud	Buskerud Kart	2020	Kart	0.958	35.188	15		2020-07-30
England	Cadwell Park	Cadwell Park	2020	Ungraded/Alternate	3.502	122	16		2020-06-05
Brazil	Campo Grande	Campo Grande	2020	Grade 3	3.433	592	12		2020-06-07
Brazil	Cascavel	Cascavel	2020	Grade 3	3.302	750	7		2020-10-18
USA	Cleveland	Cleveland GP	2003	Ungraded/Alternate	3.389	199	10	Racin´ USA 1	2020-6-5
USA	Cleveland	Cleveland STT	2003	Temporary	3.389	199	10	Adrenaline 2	2020-6-5
Argentina	Córdoba	Córdoba TC	2020	Ungraded/Alternate	3.653	586	7		2020-6-3
Argentina	Córdoba	Córdoba No.4	2020	Ungraded/Alternate	4.060	586	13		2020-2-18
Argentina	Córdoba	Córdoba No.2	2020	Ungraded/Alternate	2.060	586	11		2022-10-9
Brazil	Curitiba	Curitiba	2020	Grade 3	3.695	881	10		2020-3-17
Brazil	Curitiba	Curitiba Outer	2020	Ungraded/Alternate	2.600	881	6		2020-3-17
Brazil	Curvelo	Curvelo Long	2020	Grade 2	4.420	672	18		2020-4-1
Brazil	Curvelo	Curvelo Short	2020	Ungraded/Alternate	3.330	672	18		2020-4-1
USA	Daytona	Daytona Nascar Tri-Oval	2021	Grade 3	4.023	9.039	3	Racin´ USA 1	2021-2-14
USA	Daytona	Daytona Sports Car Course	2021	Grade 3	5.729	9.039	12	Racin´ USA 1	2021-2-4
USA	Daytona	Daytona Nascar Road Course	2021	Grade 3	5.729	9.039	15	Racin´ USA 1	2021-2-14
England	Donington Park	Donington GP	2020	Grade 2	4.023	96	11		2020-8-11
England	Donington Park	Donington National	2020	Ungraded/Alternate	3.185	96	9		2020-8-11
Portugal	Cascais (Estoril)	Cascais Historic 1988	1988	Historic	4.350	130	11	Historical Tracks 1	1988-9-25
Portugal	Cascais (Estoril)	Cascais	2020	Grade 1	4.182	130	13		2020-3-26
Portugal	Cascais (Estoril)	Cascais Alternate	2020	Grade 3	4.157	130	11		2020-3-26
USA	Fontana	Auto Club Speedway Oval	2020	Grade 2	3.219	377	4	Racin´ USA 3	2022-5-30
USA	Fontana	Auto Club Speedway Sports Car Course	2020	Grade 2	4.509	377	17	Racin´ USA 3	2022-5-30
Brazil	Foz	Foz	2023	Off-road	0.910	164	8	Adrenaline 1	2023-4-23
Brazil	Galeao Airport	Galeao Airport	2022	Ungraded/Alternate	3.200	10	5		2022-4-10
USA	Gateway	WWT Raceway Oval	2022	Grade 2	2.012	120	4	Racin´ USA 3	2022-8-20
USA	Gateway	WWT Raceway Road Course (Short)	2022	Grade 2	2.575	120	10	Racin´ USA 3	2022-8-20
USA	Gateway	WWT Raceway Road Course (Long)	2022	Grade 2	3.219	120	14	Racin´ USA 3	2022-8-20
Brazil	Goiânia	Goiânia	2020	Grade 4	3.820	757	13		2020-3-29
Brazil	Goiânia	Goiânia External	2020	Ungraded/Alternate	2.590	757	5		2020-3-29
Brazil	Goiânia	Goiânia Short	2020	Ungraded/Alternate	1.910	757	7		2020-3-29
Brazil	Granja Viana	Copa São Paulo Stage 1	2020	Kart	1.000	797	12		2020-5-3
Brazil	Granja Viana	Copa São Paulo Kart Stage 2	2020	Kart	0.980	797	9		2020-5-3
Brazil	Granja Viana	Granja Viana Kart 101	2020	Kart	1.015	797	14		2020-5-3
Brazil	Granja Viana	Granja Viana Kart 102	2020	Kart	0.990	797	13		2020-5-3
Brazil	Granja Viana	Granja Viana Kart 121	2020	Kart	0.800	797	11		2020-5-3
Brazil	Guaporé	Guaporé	2020	Ungraded/Alternate	3.080	474	7		2020-5-9
Brazil	Guaporé	Guaporé STT	2020	Grade 3	3.080	474	7	Adrenaline 2	2020-5-9
Germany	Hockenheimring	Hockenheim Historic 1977	1977	Historic	6.789	102	13	Hockenheim Pack	1977-8-31
Germany	Hockenheimring	Hockenheim Historic 1988	1988	Historic	6.797	102	15	Hockenheim Pack	1988-8-31
Germany	Hockenheimring	Hockenheim Historic 1988 Short	1988	Historic Alternate	2.636	102	13	Hockenheim Pack	1988-7-30
Germany	Hockenheimring	Hockenheim Historic 2001	2001	Historic	6.823	102	16	Hockenheim Pack	2001-8-31
Germany	Hockenheimring	Hockenheim	2020	Grade 1	4.574	102	17	Hockenheim Pack	2020-8-27
Germany	Hockenheimring	Hockenheim National	2020	Ungraded/Alternate	3.692	102	16	Hockenheim Pack	2020-8-31
Germany	Hockenheimring	Hockenheim RX	2020	Off-road	1.122	102	17	Adrenaline 1	2023-8-27
Germany	Hockenheimring	Hockenheim Short A	2020	Ungraded/Alternate	2.638	102	11	Hockenheim Pack	2020-8-31
Germany	Hockenheimring	Hockenheim STT	2020	Grade 3	2.638	102	11	Adrenaline 2	2020-8-31
Germany	Hockenheimring	Hockenheim Short B	2020	Ungraded/Alternate	2.604	102	13	Hockenheim Pack	2020-8-31
Ecuador	Ibarra	Autódromo Yahuarcocha	2020	Grade 4	4.307	2190	18		2020-3-17
Ecuador	Ibarra	Autódromo Yahuarcocha Reverse	2020	Grade 4	4.307	2190	18		2020-3-17
Ecuador	Ibarra	Autódromo Yahuarcocha STT	2020	Grade 4	4.307	2190	18	Adrenaline 2	2020-10-17
Italy	Imola	Imola	2020	Grade 1	4.909	47.188	19		2020-5-3
Italy	Imola	Imola Historic 2001	2001	Historic	4.933	47.188	21		2001-4-15
Italy	Imola	Imola Historic 1972	1972	Historic	5.018	47.188	14		1972-5-1
Italy	Imola	Imola Historic 1988	1988	Historic	5.040	47.188	21		1988-5-1
USA	Indianapolis	Indianapolis Motor Speedway Oval	2022	Grade 1	4.023	220	4	Racin´ USA 3	2022-5-29
USA	Indianapolis	Indianapolis Motor Speedway Road Course	2022	Grade 1	3.925	220	14	Racin´ USA 3	2022-5-29
Brazil	Interlagos	Interlagos GP	2020	Grade 1	4.295	750.188	15		2021-11-12
Brazil	Interlagos	Interlagos Kart One	2020	Kart	1.123	750.188	19		2020-11-1
Brazil	Interlagos	Interlagos Kart Two	2020	Kart	1.120	750.188	15		2020-7-1
Brazil	Interlagos	Interlagos Kart Three	2020	Kart	0.699	750.188	9		2020-11-1
Brazil	Interlagos	Interlagos 1991	1991	Historic	4.325	750.188	17	Historical Tracks 1	1991-3-24
Brazil	Interlagos	Interlagos 1993	1993	Historic	4.325	750.188	17	Historical Tracks 1	1993-2-26
Brazil	Interlagos	Interlagos Historic 1976	1976	Historic	7.927	750.188	17		1976-2-26
Brazil	Interlagos	Interlagos Historic 1978 Outer	1976	Historic Alternate	3.236	750.188	6		1976-2-26
Brazil	Interlagos	Interlagos Stock Car Brasil	2020	Grade 1	4.295	750.188	15		2020-8-23
Brazil	Jacarepaguá	Jacarepaguá Historic 2005	2005	Historic	4.905	30	13		2005-4-9
Brazil	Jacarepaguá	Jacarepaguá Historic 2005 Oval	2005	Historic	3.000	30	4		2005-4-9
Brazil	Jacarepaguá	Jacarepaguá Historic 2012 SCB	2012	Historic	3.307	30	8		2012-4-9
Brazil	Jacarepaguá	Jacarepaguá Historic 2012 Short	2012	Historic	3.047	30	7		2012-4-9
Brazil	Jacarepaguá	Jacarepaguá Historic 1988	1988	Historic	5.003	30	11		1988-4-3
Spain	Jerez	Jerez Historic 1988	1988	Grade 1	4.218	38	16	Historical Tracks 1	1988-10-2
Spain	Jerez	Jerez Moto	2020	Grade 1	4.427	38	15		2020-4-26
Spain	Jerez	Jerez Chicane	2020	Ungraded/Alternate	4.423	38	13		2020-4-26
Japan	Kansai (Suzuka)	Kansai Classic	2020	Historic	5.821	47.188	19		2020-10-5
Japan	Kansai (Suzuka)	Kansai East	2020	Ungraded/Alternate	2.243	47.188	10		2020-10-5
Japan	Kansai (Suzuka)	Kansai GP	2020	Grade 1	5.810	47.188	19		2020-10-5
Japan	Kansai (Suzuka)	Kansai West	2020	Ungraded/Alternate	3.466	47.188	11		2020-10-5
South Africa	Kyalami	Kyalami	2020	Grade 2	4.529	1532	15		2020-4-15
South Africa	Kyalami	Kyalami Historic 1976	1976	Historic	4.048	1532	9		1976-3-5
USA	Laguna Seca	Laguna Seca 2020	2020	Grade 2	3.602	220	11	Racin´ USA 1	2020-8-30
France	La Sarthe	Le Mans 24h	2023	Grade 2	13.629	52	38	24 Heures du Mans	2023-6-10
France	La Sarthe	Le Mans 24h 2005	2005	Grade 2	13.650			Historical Tracks 3	
France	La Sarthe	Le Mans Circuit Bugatti	2022	Grade 2	4.185	52	14	24 Heures du Mans	2022-6-11
Brazil	Londrina	Londrina Short	2020	Grade 3	3.020	566	10		2020-5-17
Brazil	Londrina	Londrina Kart One	2020	Kart	1.002	566	10		2020-4-7
Brazil	Londrina	Londrina Kart Two	2020	Kart	0.864	566	11		2020-4-7
Brazil	Londrina	LondrinaKart3	2020	Kart	0.644	566	6		2020-4-7
Brazil	Londrina	Londrina Long	2020	Ungraded/Alternate	3.140	566	10		2020-5-17
USA	Long Beach	Long Beach	2020	Grade 3	3.167	2	11	Racin´ USA 1	2020-9-15
USA	Long Beach	Long Beach STT	2020	Grade 3	3.167	2	11	Adrenaline 2	2020-9-15
Canada	Montreal	Montréal Historic 1988	1988	Historic	4.430	13	16		1988-6-12
Canada	Montreal	Montreal Historic 1991	1991	Historic	4.430	13	16	Historical Tracks 1	1991-6-12
Canada	Montreal	Montréal	2020	Grade 1	4.361	13	14		2020-6-9
Italy	Monza	Monza Historic 1971	1971	Historic	5.750	180	7	Monza Pack	1971-9-5
Italy	Monza	Monza Historic 1971 10k	1971	Historic Alternate	10.100	180	16	Monza Pack	1971-4-25
Italy	Monza	Monza Historic 1971 10k (no chicane)	1971	Historic Alternate	10.000	180	9	Monza Pack	1971-4-25
Italy	Monza	Monza Historic 1971 Junior	1971	Historic Alternate	2.405	180	4	Monza Pack	1971-9-5
Italy	Monza	Monza Historic 1991	1991	Historic	5.800	180	14	Monza Pack	1991-9-8
Italy	Monza	Monza	2020	Grade 1	5.793	180	11	Monza Pack	2020-9-6
Italy	Monza	Monza Junior	2020	Ungraded/Alternate	2.405	180	4	Monza Pack	2020-4-16
Italy	Monza	Monza STT	2020	Grade 3	2.405	180	4	Adrenaline 2	2020-4-16
Germany	Nürburgring	Nordschleife 2020	2020	Grade 3	20.832	397	73	Nurburgring Pack	2020-8-1
Germany	Nürburgring	Nordschleife 24 Hour 2020	2020	Grade 3	25.378	397	88	Nurburgring Pack	2020-8-1
Germany	Nürburgring	Nordschleife 2025	2025	Grade 3	20.832	397	73	Nurburgring 2025 Pack	2025-7-1
Germany	Nürburgring	Nordschleife 2025 24hr	2025	Grade 3	25.378	397	88	Nurburgring 2025 Pack	2025-6-21
Germany	Nürburgring	Nordschleife Tourist 2025	2025	Grade 3	25.378	397	88*	Nurburgring 2025 Pack	2025-6-21
Germany	Nürburgring	Gesamtstrecke Historic 1971	1971	Historic	28.265	397	187	Nurburgring Pack	1971-7-5
Germany	Nürburgring	Nordschleife Historic 1971	1971	Historic	22.835	397	160	Nurburgring Pack	1971-7-5
Germany	Nürburgring	Südscheleife Historic 1971	1971	Historic	7.747	397	27	Nurburgring Pack	1971-7-5
Germany	Nürburgring	Betonschleife Historic 1971	1971	Historic	2.391	397	7	Nurburgring Pack	1971-7-5
Germany	Nürburgring	Nürburgring RX	2020	Off-road	1.028	397	6	Adrenaline 1	2022-11-13
Germany	Nürburgring	Nürburgring GP 2020	2020	Grade 1	5.148	397	15	Nurburgring Pack	2020-9-1
Germany	Nürburgring	Nurburgring GP 2025	2025	Grade 3	5.148	397	15	Nurburgring 2025 Pack	2025-9-1
Germany	Nürburgring	Nürburgring Sprint 2020	2020	Ungraded/Alternate	3.629	397	11	Nurburgring Pack	2020-9-1
Germany	Nürburgring	Nürburgring Sprint S 2020	2020	Ungraded/Alternate	3.059	397	11	Nurburgring Pack	2020-9-1
Germany	Nürburgring	Nürburgring Veedol 2020	2020	Ungraded/Alternate	5.137	397	15	Nurburgring Pack	2020-9-1
Italy	Ortona	Ortona Kart One	2020	Kart	1.508	137	16		2020-9-22
Italy	Ortona	Ortona Kart Two	2020	Kart	1.552	137	20		2020-9-22
Italy	Ortona	Ortona Kart Three	2020	Kart	1.335	137	17		2020-9-22
Italy	Ortona	Ortona Kart Four	2020	Kart	0.963	137	13		2020-9-22
England	Oulton Park	Oulton Park International	2020	Grade 3	4.330	65	17		2020-7-11
England	Oulton Park	Oulton Park Classic	2020	Historic	4.297	65	12		2020-7-11
England	Oulton Park	Oulton Park Fosters	2020	Ungraded/Alternate	2.662	65	9		2020-7-11
England	Oulton Park	Oulton Park Island	2020	Ungraded/Alternate	3.637	65	12		2020-7-11
USA	Pocono	Pocono Southeast Course 5	2024	Grade 2					2024-7-14
USA	Pocono	Pocono East Course 1	2024	Grade 2					2024-7-14
USA	Pocono	Pocono North/South Course 1 (No Chicane)	2024	Grade 2					2024-7-14
USA	Pocono	Pocono North/South Course 1	2024	Grade 2					2024-7-14
USA	Pocono	Pocono Oval	2024	Oval					2024-7-14
USA	Pocono	Pocono North/South Course 2	2024	Grade 2					2024-7-14
USA	Pocono	Pocono Southeast Course 1	2024	Grade 2					2024-7-14
USA	Road America	Road America	2021	Grade 2	6.515	300	14	Racin´ USA 1	2021-10-1
USA	Road America	Road America (Bend)	2021	Grade 2	6.515	300	14	Racin´ USA 1	2021-10-1
USA	Road America	Road America STT	2021	Grade 2	6.515	300	14	Adrenaline 2	2021-10-1
USA	Road Atlanta	Road Atlanta						IMSA Track Pack	
USA	Road Atlanta	Road Atlanta 2005	2005					Historical Tracks 3	
USA	Road Atlanta	Road Atlanta 2005 Short	2005					Historical Tracks 3	
USA	Road Atlanta	Road Atlanta Moto						IMSA Track Pack	
Brazil	Salvador	Salvador Street Circuit	2020	Grade 3	2.720	68	10		2020-5-19
Brazil	Santa Cruz do Sul	Santa Cruz do Sul	2020	Grade 4	3.325	120	14		2020-7-19
USA	Sebring	Sebring	2023	Grade 2	5.854	18	17	IMSA Track Pack	2023-3-16
USA	Sebring	Sebring Club	2023	Grade 2	2.736	18	13	IMSA Track Pack	2023-7-8
USA	Sebring	Sebring School	2023	Grade 2	3.219	18	9	IMSA Track Pack	2023-11-5
USA	Sebring	Sebring STT	2023	Grade 2	3.219	18	9	Adrenaline 2	2023-11-5
England	Silverstone	Silverstone Historic 1975	1975	Historic	4.718	154	10	Silverstone Pack	1975-7-19
England	Silverstone	Silverstone Historic 1975 (no chicane)	1975	Historic Alternate	4.710	154	8	Silverstone Pack	1975-7-19
England	Silverstone	Silverstone Historic 1991	1991	Historic	5.226	154	17	Silverstone Pack	1991-7-14
England	Silverstone	Silverstone Historic 2001	2001	Historic	5.141	154	16	Silverstone Pack	2001-7-15
England	Silverstone	Silverstone International Historic 2001	2001	Historic Alternate	3.619	154	10	Silverstone Pack	2001-7-15
England	Silverstone	Silverstone National Historic 2001	2001	Historic Alternate	2.638	154	5	Silverstone Pack	2001-7-15
England	Silverstone	Silverstone	2020	Grade 1	5.890	154	18	Silverstone Pack	2020-7-14
England	Silverstone	Silverstone International	2020	Ungraded/Alternate	2.979	154	9	Silverstone Pack	2020-7-14
England	Silverstone	Silverstone National	2020	Ungraded/Alternate	2.639	154	5	Silverstone Pack	2020-7-14
England	Snetterton	Snetterton 300	2020	Grade 2	4.780	43	12		2020-6-22
England	Snetterton	Snetterton 200	2020	Grade 2	3.220	43	8		2020-6-22
England	Snetterton	Snetterton 100	2020	Grade 4	1.580	43	6		2020-6-22
Belgium	Spa-Francorchamps	Spa-Francorchamps 1970	1970	Historic	14.120	394	21	Spa Pack	1970-6-7
Belgium	Spa-Francorchamps	Spa-Francorchamps 1970 1000km	1970	Historic Alternate	14.120	394	21	Spa Pack	1970-5-17
Belgium	Spa-Francorchamps	Spa-Francorchamps 1993	1993	Historic	6.940	394	23	Spa Pack	1993-8-25
Belgium	Spa-Francorchamps	Spa-Francorchamps 2005	2005	Grade 1	6.976	394	24	Historical Tracks 3	
Belgium	Spa-Francorchamps	Spa-Francorchamps 2005 EC	2005	Grade 1	6.976	394	24	Historical Tracks 3	
Belgium	Spa-Francorchamps	Spa-Francorchamps 2020	2020	Grade 1	7.004	394	20	Spa Pack	2020-8-30
Belgium	Spa-Francorchamps	Spa-Francorchamps 2022	2020	Grade 1	7.004	394	20	Spa Pack	2022-8-27
Belgium	Spa-Francorchamps	Spa-Francorchamps RX	2022	Off-road	0.890	394	5	Adrenaline 1	2022-8-27
Brazil	Speedland	Speedland Kart 1	2020	Kart	0.965	700.188	29		2020-1-30
Brazil	Speedland	Speedland Kart 2	2020	Kart	0.989	700.188	30		2020-1-30
Brazil	Speedland	Speedland Kart 3	2020	Kart	0.439	700.188	15		2020-1-30
Brazil	Speedland	Speedland Kart 4	2020	Kart	0.582	700.188	12		2020-1-30
Austria	Spielberg (Red Bull Ring)	Spielberg	2020	Grade 1	4.318	660	10		2020-7-5
Austria	Spielberg (Red Bull Ring)	Spielberg Historic 1977	1977	Historic	5.916	660	11		1977-4-22
Austria	Spielberg (Red Bull Ring)	Spielberg Short	2020	Ungraded/Alternate	2.330	660	6		2020-7-5
Austria	Spielberg (Red Bull Ring)	Spielberg STT	2020	Grade 3	2.330	660	6	Adrenaline 2	2020-7-5
Austria	Spielberg (Red Bull Ring)	Spielberg Historic 1974	1974	Historic	5.896	660	9		1974-4-22
Brazil	Tarumã	Tarumã International	2020	Grade 4	3.016	71	9		2020-4-28
Brazil	Tarumã	Tarumã Chicane	2020	Ungraded/Alternate	3.074	71	11		2020-4-28
Argentina	Termas de Río Hondo	Termas de Río Hondo	2020	Grade 2	4.806	280.75	14		2022-5-29
Finland	Tykki	Tykki Dirt 1	2022	Off-road	0.910	81	8	Adrenaline 1	2022-5-28
Finland	Tykki	Tykki Dirt 2	2022	Off-road	1.680	81	14	Adrenaline 1	2022-5-28
Finland	Tykki	Tykki RX	2022	Off-road	1.015	81	11	Adrenaline 1	2022-5-28
Finland	Tykki	Tykki Tarmac	2022	Off-road	0.750	81	7	Adrenaline 1	2022-5-28
Brazil	Velo Cittá	Velo Cittá	2020	Grade 3	3.328	750	15		2020-6-28
Brazil	Velo Cittá	Velo Cittá Club Day	2020	Ungraded/Alternate	1.721	750	7		2020-6-28
Brazil	Velo Cittá	Velo Cittá Track Day	2020	Ungraded/Alternate	3.369	750	16		2020-6-28
Brazil	Velopark	Velopark 2010	2020	Ungraded/Alternate	2.153	15	10		2020-4-12
Brazil	Velopark	Velopark 2017	2020	Grade 3	2.278	15	13		2020-4-12
Brazil	Velopark	Velopark 2017 STT	2020	Grade 3	2.278	15	13	Adrenaline 2	2020-4-12
USA	Virginia	Virginia International Raceway Full	2020	Grade 2	5.262	65	18		2020-9-17
USA	Virginia	Virginia International Raceway Grand	2020	Ungraded/Alternate	6.759	65	24		2020-9-17
USA	Virginia	Virginia International Raceway North	2020	Ungraded/Alternate	3.621	65	14		2020-9-17
USA	Virginia	Virginia International Raceway Patriot	2020	Ungraded/Alternate	1.770	65	13		2020-9-17
USA	Virginia	Virginia International Raceway South	2020	Ungraded/Alternate	2.655	65	9		2020-9-17
USA	Watkins Glen	Watkins Glen GP	2020	Grade 2	5.430	452	11	Racin´ USA 1	2021-10-1
USA	Watkins Glen	Watkins Glen GP (Inner Loop)	2020	Grade 2	5.552	452	15	Racin´ USA 1	2021-10-1
USA	Watkins Glen	Watkins Glen Short	2020	Grade 2	3.907	452	7	Racin´ USA 1	2021-10-1
USA	Watkins Glen	Watkins Glen Short (Inner Loop)	2020	Grade 2	3.943	452	11	Racin´ USA 1	2021-10-1
USA	Watkins Glen	Watkins Glen STT	2020	Grade 2	3.943	452	11	Adrenaline 2	2021-10-1
